SNP,Y
rs3737577,1
rs41287280,1
rs11121529,1
rs56193625,1
rs547364,1
rs6664866,1
rs17608459,1
rs333947,1
rs9429767,1
rs3790608,1
rs149765041,1
rs2476601,1
rs149711393,1
rs12130298,1
rs77871185,1
rs145471785,1
rs10923397,1
rs10923398,1
rs1801133,1
rs34710782,1
rs61730011,1
rs12129705,1
rs74052928,1
rs35249183,1
rs2230624,1
rs474247,1
rs112427713,1
rs181473381,1
rs11205303,1
rs4970966,1
rs4845604,1
rs61816761,1
rs35479618,1
rs2494663,1
rs72698179,1
rs141845046,1
rs72704117,1
rs116100695,1
rs3856261,1
rs61813324,1
rs11548200,1
rs926103,1
rs12041331,1
rs77795865,1
rs41273215,1
rs2022003,1
rs148912436,1
rs2814778,1
rs12075,1
rs34599082,1
rs13962,1
rs2789422,1
rs3557,1
rs9427403,1
rs2275558,1
rs4233168,1
rs10913200,1
rs79485039,1
rs3795503,1
rs1779799,1
rs144712473,1
rs78444298,1
rs17531405,1
rs10917477,1
rs10494783,1
rs12733073,1
rs1434282,1
rs35383942,1
rs1022463,1
rs239980,1
rs147176673,1
rs7539542,1
rs17534202,1
rs61851769,1
rs10494964,1
rs80025148,1
rs17048367,1
rs72742475,1
rs10917021,1
rs2642438,1
rs17850677,1
rs61830291,1
rs72865212,1
rs79364962,1
rs6696074,1
rs697852,1
rs238763,1
rs35001652,1
rs1329125,1
rs72632294,1
rs12117927,1
rs2229297,1
rs2742946,1
rs1414660,1
rs4149909,1
rs7535528,1
rs41315846,1
rs11204523,1
rs4925750,1
rs1339847,1
rs3811444,1
rs4335411,1
rs9438876,1
rs188468174,1
rs1043879,1
rs563437995,1
rs75446219,1
rs35184161,1
rs11113,1
rs114165349,1
rs41284294,1
rs1569419,1
rs74340846,1
rs1175550,1
rs146617729,1
rs3917932,1
rs12408993,1
rs4634868,1
rs1846158,1
rs12731981,1
rs12037805,1
rs17853159,1
rs76894965,1
rs1679971,1
rs11591147,1
rs7552841,1
rs499883,1
rs778387,1
rs12140153,1
rs670318,1
rs114269697,1
rs35660507,1
rs983034,1
rs17130569,1
rs7554551,1
rs11121012,1
rs34517439,1
rs41313381,1
rs116284479,1
rs80293268,1
rs11581328,1
rs76432764,1
rs305465,1
rs138805281,1
rs12032393,1
rs150448650,1
rs79412885,1
rs150649461,1
rs11540832,1
rs945631,1
rs9442571,1
rs67551275,1
rs11190141,1
rs151053941,1
rs73342355,1
rs603424,1
rs41310284,1
rs1933963,1
rs3915773,1
rs7909791,1
rs3896224,1
rs146605626,1
rs7903146,1
rs7080536,1
rs1801253,1
rs118033845,1
rs7069533,1
rs10886430,1
rs11257655,1
rs7896881,1
rs845084,1
rs2362501,1
rs61870502,1
rs117413221,1
rs1133400,1
rs12258967,1
rs4332427,1
rs11014285,1
rs113442503,1
rs10826579,1
rs947091,1
rs3740237,1
rs1510593,1
rs1274475,1
rs61828723,1
rs7908745,1
rs34130368,1
rs7909927,1
rs112772467,1
rs41274050,1
rs61849823,1
rs1159798,1
rs74394067,1
rs11002936,1
rs12722502,1
rs61839660,1
rs10826337,1
rs10761731,1
rs17476364,1
rs2305196,1
rs748113,1
rs3747869,1
rs7919533,1
rs117246174,1
rs1250553,1
rs11813368,1
rs116052829,1
rs11255753,1
rs664706,1
rs72782676,1
rs12413578,1
rs12411618,1
rs72815139,1
rs7916334,1
rs1328599,1
rs75522380,1
rs17849148,1
rs1172955,1
rs1890966,1
rs7934276,1
rs604723,1
rs17647207,1
rs17298829,1
rs117706710,1
rs719152,1
rs7932891,1
rs16908520,1
rs4288784,1
rs73000929,1
rs1048932,1
rs964184,1
rs45611741,1
rs75542613,1
rs7123454,1
rs12721030,1
rs143034248,1
rs12798851,1
rs11217175,1
rs35929108,1
rs67575951,1
rs873590,1
rs12222197,1
rs608251,1
rs7937122,1
rs7949566,1
rs11600151,1
rs34516251,1
rs8705,1
rs10790968,1
rs3108962,1
rs61754851,1
rs79634051,1
rs117913124,1
rs117576073,1
rs17507577,1
rs75156773,1
rs61171454,1
rs11023759,1
rs117573112,1
rs75491173,1
rs907612,1
rs10500844,1
rs35891966,1
rs2525882,1
rs35506085,1
rs61744929,1
rs231362,1
rs138273386,1
rs6265,1
rs143840904,1
rs234866,1
rs2299620,1
rs74046911,1
rs963837,1
rs112072415,1
rs1402954,1
rs62621409,1
rs11037975,1
rs35755129,1
rs11601507,1
rs3824949,1
rs34108746,1
rs10750866,1
rs116918730,1
rs55753183,1
rs174559,1
rs174569,1
rs12277563,1
rs74679312,1
rs117111740,1
rs36077346,1
rs142815441,1
rs117874826,1
rs3741380,1
rs10160596,1
rs10896024,1
rs2306363,1
rs10750766,1
rs7952436,1
rs55987642,1
rs36027301,1
rs638051,1
rs4988321,1
rs2229738,1
rs72928978,1
rs61746574,1
rs3829241,1
rs17309046,1
rs67330701,1
rs11263432,1
rs7928827,1
rs872440,1
rs3918292,1
rs139168803,1
rs2511241,1
rs3741156,1
rs74472890,1
rs72979233,1
rs118132858,1
rs622403,1
rs11041426,1
rs55646091,1
rs10899240,1
rs140201358,1
rs2168101,1
rs149504726,1
rs4929908,1
rs10840114,1
rs1042602,1
rs1126809,1
rs104894313,1
rs10830963,1
rs138059525,1
rs560758755,1
rs496321,1
rs11021221,1
rs4409785,1
rs10743108,1
rs415895,1
rs17041439,1
rs117081218,1
rs74900775,1
rs12582330,1
rs11612024,1
rs117801489,1
rs141421422,1
rs3184504,1
rs77357563,1
rs11067228,1
rs35506,1
rs10507274,1
rs73203845,1
rs1800574,1
rs13141,1
rs11553699,1
rs73226103,1
rs897392,1
rs1027569,1
rs2229840,1
rs837500,1
rs61923561,1
rs5891,1
rs10773112,1
rs4592506,1
rs68099344,1
rs2066827,1
rs57565032,1
rs117481343,1
rs10770612,1
rs7134375,1
rs76639840,1
rs9971729,1
rs12826060,1
rs7963202,1
rs7309492,1
rs6487652,1
rs56196860,1
rs28990715,1
rs4759434,1
rs74431741,1
rs12820863,1
rs3217791,1
rs76895963,1
rs3217805,1
rs74385174,1
rs145878042,1
rs73109811,1
rs113736796,1
rs11168254,1
rs117913411,1
rs2228570,1
rs4760682,1
rs3730071,1
rs35034312,1
rs61758378,1
rs78150433,1
rs118115924,1
rs10875906,1
rs1054442,1
rs1126930,1
rs7958679,1
rs7132908,1
rs7962469,1
rs56235234,1
rs576435076,1
rs10876469,1
rs10747688,1
rs35979828,1
rs79755767,1
rs10876550,1
rs62623446,1
rs12825673,1
rs2950387,1
rs2277339,1
rs3024971,1
rs138854007,1
rs11172113,1
rs1800127,1
rs3809114,1
rs61758883,1
rs216311,1
rs10849448,1
rs2286599,1
rs1716505,1
rs12296430,1
rs6581626,1
rs12964,1
rs79487293,1
rs56150479,1
rs7137095,1
rs1800973,1
rs10748128,1
rs34038797,1
rs61754233,1
rs7134180,1
rs12821256,1
rs12298351,1
rs2126606,1
rs7953280,1
rs336232,1
rs544012,1
rs9521686,1
rs12876143,1
rs368865,1
rs56129102,1
rs9604045,1
rs7329468,1
rs9579775,1
rs61756242,1
rs76900683,1
rs76750172,1
rs76428106,1
rs12872889,1
rs117145034,1
rs61947180,1
rs12861824,1
rs9603422,1
rs77526211,1
rs1892548,1
rs2755237,1
rs9549260,1
rs9594738,1
rs41284155,1
rs201798,1
rs3118906,1
rs981625,1
rs9523981,1
rs72640504,1
rs78352137,1
rs1555405,1
rs7150520,1
rs6575806,1
rs7161194,1
rs61992671,1
rs729184,1
rs2497296,1
rs183488415,1
rs28663442,1
rs1042704,1
rs17880989,1
rs142153001,1
rs11543947,1
rs147453535,1
rs2239633,1
rs2239630,1
rs34354104,1
rs36226649,1
rs10131337,1
rs72681869,1
rs12881869,1
rs17126672,1
rs140613174,1
rs35107139,1
rs10130587,1
rs17127792,1
rs28707162,1
rs11620822,1
rs45512391,1
rs6573568,1
rs2285002,1
rs11627485,1
rs7147987,1
rs17248895,1
rs72729582,1
rs4902632,1
rs2073307,1
rs528259074,1
rs1958078,1
rs41286548,1
rs175705,1
rs175714,1
rs11466414,1
rs35889227,1
rs17128162,1
rs61975764,1
rs7156335,1
rs1043547,1
rs4905043,1
rs11555542,1
rs28929474,1
rs17580,1
rs1057035,1
rs35362007,1
rs2581348,1
rs72755233,1
rs7175522,1
rs62621400,1
rs7170637,1
rs184950120,1
rs1800407,1
rs4778224,1
rs150962800,1
rs2173288,1
rs12912777,1
rs12050884,1
rs34245505,1
rs2412653,1
rs61998565,1
rs17352989,1
rs143692029,1
rs2414098,1
rs146610032,1
rs12593477,1
rs74438085,1
rs1863758,1
rs261290,1
rs12905732,1
rs16940262,1
rs113298164,1
rs77951645,1
rs35997243,1
rs11071720,1
rs55719615,1
rs138843544,1
rs1866742,1
rs117683492,1
rs62006055,1
rs17293632,1
rs35874463,1
rs11853359,1
rs11072450,1
rs5742915,1
rs11638477,1
rs56291632,1
rs61752771,1
rs34769775,1
rs11857976,1
rs113959087,1
rs7167692,1
rs72765638,1
rs34949187,1
rs3817428,1
rs149039920,1
rs2074585,1
rs138682554,1
rs79383275,1
rs7181724,1
rs12906962,1
rs1994147,1
rs2871865,1
rs8035410,1
rs78442819,1
rs4988483,1
rs8046011,1
rs1799802,1
rs60782127,1
rs41278174,1
rs138760312,1
rs77924615,1
rs2238373,1
rs139491786,1
rs3211995,1
rs71385734,1
rs112805476,1
rs9921750,1
rs151234,1
rs3809627,1
rs34518080,1
rs199795270,1
rs8050500,1
rs45625038,1
rs6500550,1
rs77256800,1
rs495664,1
rs1684621,1
rs34050011,1
rs9925477,1
rs78534766,1
rs140144628,1
rs62028332,1
rs138937927,1
rs17616063,1
rs34869093,1
rs72805220,1
rs12927162,1
rs72807785,1
rs35420030,1
rs12600060,1
rs12448528,1
rs183130,1
rs5883,1
rs5880,1
rs11644125,1
rs7192652,1
rs4784886,1
rs76866523,1
rs76561044,1
rs4986970,1
rs35158985,1
rs3759982,1
rs1078465,1
rs77303550,1
rs9302635,1
rs756717,1
rs370240672,1
rs117934006,1
rs17329095,1
rs2716579,1
rs11150152,1
rs117538856,1
rs7186061,1
rs56320921,1
rs2925979,1
rs79255258,1
rs12445050,1
rs1071644,1
rs7500448,1
rs247826,1
rs4471666,1
rs4517782,1
rs61751198,1
rs56177354,1
rs76121846,1
rs11640143,1
rs11642657,1
rs71390846,1
rs11866031,1
rs566571310,1
rs74035509,1
rs6500489,1
rs11643303,1
rs551118,1
rs11861335,1
rs7200905,1
rs117565673,1
rs146008976,1
rs62045849,1
rs1126464,1
rs9939914,1
rs1805005,1
rs1805006,1
rs11547464,1
rs1805007,1
rs1110400,1
rs1805008,1
rs885479,1
rs1805009,1
rs61753655,1
rs9893867,1
rs72553883,1
rs78365041,1
rs186920574,1
rs3818717,1
rs36215896,1
rs5030755,1
rs148884808,1
rs145919520,1
rs704,1
rs191010498,1
rs542939,1
rs6505216,1
rs7208859,1
rs72825958,1
rs8073060,1
rs10512472,1
rs11556624,1
rs56013073,1
rs60061677,1
rs112401631,1
rs117612447,1
rs143043662,1
rs41283425,1
rs7213095,1
rs2741856,1
rs72836561,1
rs72832859,1
rs4986172,1
rs1906342,1
rs7225002,1
rs8069437,1
rs17608766,1
rs34210653,1
rs41444548,1
rs3803856,1
rs61463979,1
rs7219107,1
rs919109,1
rs2969,1
rs79041579,1
rs7774,1
rs55788912,1
rs56337033,1
rs553749201,1
rs11658587,1
rs17585461,1
rs117223734,1
rs8069500,1
rs74364822,1
rs28730837,1
rs56378716,1
rs34097845,1
rs34523089,1
rs11657101,1
rs146385050,1
rs5388,1
rs11568828,1
rs76708468,1
rs113252144,1
rs1991401,1
rs11869530,1
rs12452505,1
rs1801689,1
rs2302783,1
rs77542162,1
rs740516,1
rs186021206,1
rs55714927,1
rs200489612,1
rs117981338,1
rs2017811,1
rs77234976,1
rs149405554,1
rs3803800,1
rs1436138,1
rs34587622,1
rs55831773,1
rs2908806,1
rs78378222,1
rs2613522,1
rs12449858,1
rs429216,1
rs383603,1
rs112802399,1
rs17773854,1
rs1071664,1
rs144204502,1
rs76848919,1
rs547040680,1
rs74480102,1
rs2361710,1
rs144443274,1
rs4969449,1
rs3208787,1
rs73369896,1
rs9898189,1
rs3751909,1
rs11078776,1
rs17435937,1
rs8089099,1
rs11875132,1
rs113232639,1
rs12327253,1
rs11082304,1
rs33969048,1
rs56282762,1
rs11664106,1
rs61735998,1
rs4468717,1
rs72899729,1
rs9956387,1
rs144488974,1
rs7239114,1
rs78415359,1
rs12967019,1
rs12968652,1
rs77960347,1
rs6507942,1
rs28778033,1
rs11555886,1
rs11876341,1
rs292285,1
rs17522826,1
rs72932757,1
rs10048404,1
rs2272783,1
rs41292412,1
rs2271731,1
rs72966926,1
rs884205,1
rs12454712,1
rs954954,1
rs3810027,1
rs17758695,1
rs7226831,1
rs145037750,1
rs9951002,1
rs1047922,1
rs145875564,1
rs117777118,1
rs657693,1
rs29073,1
rs4807440,1
rs2116942,1
rs117064827,1
rs4807455,1
rs2358581,1
rs17852402,1
rs34536443,1
rs12151021,1
rs3218221,1
rs12974537,1
rs36084354,1
rs2074453,1
rs4807542,1
rs73013196,1
rs17248748,1
rs10422256,1
rs72658867,1
rs55670943,1
rs167479,1
rs55811668,1
rs28841391,1
rs1076230,1
rs3817621,1
rs12609178,1
rs56252104,1
rs62109902,1
rs35601737,1
rs35026308,1
rs3760994,1
rs28366013,1
rs117111916,1
rs58123634,1
rs62116851,1
rs77808283,1
rs2303149,1
rs57843631,1
rs7254827,1
rs59616136,1
rs11666267,1
rs35928002,1
rs59813731,1
rs34666550,1
rs74401481,1
rs271620,1
rs73537962,1
rs78830644,1
rs58542926,1
rs187429064,1
rs45522544,1
rs4806862,1
rs35699176,1
rs34728133,1
rs61731111,1
rs4499344,1
rs8107162,1
rs7255661,1
rs12151289,1
rs78744187,1
rs60018147,1
rs73024215,1
rs41355649,1
rs10410896,1
rs1260606,1
rs4802399,1
rs146776010,1
rs34093919,1
rs192191487,1
rs184088518,1
rs61750953,1
rs1801272,1
rs28364580,1
rs4760,1
rs8887,1
rs11540084,1
rs35959395,1
rs203710,1
rs531660643,1
rs17561351,1
rs6857,1
rs157580,1
rs429358,1
rs7412,1
rs1065853,1
rs539667984,1
rs5112,1
rs35136575,1
rs5167,1
rs11667509,1
rs11667430,1
rs35226705,1
rs3764613,1
rs8105903,1
rs45474992,1
rs2602713,1
rs61751862,1
rs838133,1
rs17272694,1
rs73046792,1
rs142385484,1
rs150420714,1
rs61760904,1
rs12459419,1
rs11673357,1
rs45541434,1
rs147881000,1
rs73068668,1
rs67113555,1
rs4252548,1
rs147110934,1
rs8103017,1
rs34187696,1
rs34263337,1
rs413141,1
rs1812397,1
rs8106212,1
rs1799816,1
rs1799815,1
rs12971499,1
rs12978472,1
rs11671314,1
rs111067250,1
rs4804517,1
rs28377676,1
rs571497,1
rs116843064,1
rs2913974,1
rs10409474,1
rs62621197,1
rs78580402,1
rs111932385,1
rs1683587,1
rs1921622,1
rs10208293,1
rs6739701,1
rs66989638,1
rs150449635,1
rs2009581,1
rs72836346,1
rs6734942,1
rs72837815,1
rs142118720,1
rs1448187,1
rs76036957,1
rs36093393,1
rs6734238,1
rs114124763,1
rs4073566,1
rs115242848,1
rs10199437,1
rs55983207,1
rs28930677,1
rs114153232,1
rs6432244,1
rs17050272,1
rs11688682,1
rs111631066,1
rs114192718,1
rs78862952,1
rs55920843,1
rs76774368,1
rs12052715,1
rs7425274,1
rs12692596,1
rs35667974,1
rs183034862,1
rs540524,1
rs560887,1
rs2232323,1
rs920112,1
rs12992995,1
rs863678,1
rs71421546,1
rs75127279,1
rs17400325,1
rs76308115,1
rs155127,1
rs62126364,1
rs12693302,1
rs288326,1
rs2346133,1
rs35917062,1
rs3024921,1
rs7585866,1
rs11681727,1
rs4666343,1
rs52826764,1
rs7573217,1
rs16838527,1
rs10931982,1
rs4482463,1
rs17537246,1
rs1047891,1
rs1801701,1
rs533617,1
rs41288783,1
rs3056574,1
rs2678273,1
rs17181956,1
rs74411434,1
rs2571445,1
rs3828278,1
rs114050631,1
rs62182760,1
rs17572109,1
rs78058190,1
rs3806557,1
rs121908120,1
rs57467915,1
rs1432262,1
rs116254882,1
rs13017777,1
rs77177529,1
rs2303948,1
rs116778355,1
rs10202701,1
rs5268,1
rs2101435,1
rs35811586,1
rs114266592,1
rs55637974,1
rs35865083,1
rs1050785,1
rs12713004,1
rs114568419,1
rs146095395,1
rs78909033,1
rs3749171,1
rs79741989,1
rs138903557,1
rs34290285,1
rs7578575,1
rs1260326,1
rs2337699,1
rs71443018,1
rs146859437,1
rs184409696,1
rs655029,1
rs145029810,1
rs9295,1
rs1861435,1
rs17511102,1
rs7589518,1
rs1800440,1
rs162561,1
rs10185199,1
rs72794538,1
rs6750539,1
rs7558452,1
rs1009372,1
rs1430083,1
rs6732426,1
rs75120545,1
rs12712929,1
rs687914,1
rs114948639,1
rs4953318,1
rs12992366,1
rs17773190,1
rs17326656,1
rs144262608,1
rs4305309,1
rs75475627,1
rs1427407,1
rs7606173,1
rs4672497,1
rs7569084,1
rs6546174,1
rs12469063,1
rs10175428,1
rs17032590,1
rs6721459,1
rs34338164,1
rs10048745,1
rs4241349,1
rs7349311,1
rs7572278,1
rs6730558,1
rs13005320,1
rs11692435,1
rs35308216,1
rs1997814,1
rs3790163,1
rs2423514,1
rs34952318,1
rs11696739,1
rs140840556,1
rs200891,1
rs156355,1
rs8117259,1
rs6115218,1
rs186357284,1
rs80054178,1
rs55722810,1
rs457219,1
rs143384,1
rs2224538,1
rs1883711,1
rs4812447,1
rs73124945,1
rs17265513,1
rs1741344,1
rs6084653,1
rs17220872,1
rs6103669,1
rs731499,1
rs4142441,1
rs1800961,1
rs17322191,1
rs79951077,1
rs6073958,1
rs17726337,1
rs2868829,1
rs56218501,1
rs149257976,1
rs6125942,1
rs17196752,1
rs913678,1
rs79068619,1
rs6512645,1
rs6021247,1
rs1055253,1
rs6123359,1
rs11086573,1
rs282146,1
rs376911010,1
rs1555272,1
rs13039273,1
rs805770,1
rs185799410,1
rs236691,1
rs140943896,1
rs259981,1
rs6061555,1
rs13041686,1
rs35640778,1
rs115610405,1
rs55765053,1
rs4809361,1
rs6011229,1
rs8126001,1
rs6117726,1
rs6117854,1
rs2229742,1
rs2223043,1
rs13615,1
rs2298359,1
rs2009130,1
rs2834317,1
rs2834318,1
rs8134775,1
rs28451064,1
rs55787537,1
rs68088846,1
rs11701104,1
rs111527738,1
rs73900579,1
rs2242885,1
rs128494,1
rs2835435,1
rs2836411,1
rs2212930,1
rs2836613,1
rs11088458,1
rs2836950,1
rs118102968,1
rs1893592,1
rs2839517,1
rs73220980,1
rs137923903,1
rs2847224,1
rs17850433,1
rs79628306,1
rs235314,1
rs5030672,1
rs11702425,1
rs879577,1
rs35665085,1
rs9606139,1
rs1059196,1
rs165895,1
rs9680797,1
rs79771353,1
rs2283847,1
rs5763079,1
rs4820085,1
rs147428040,1
rs7078,1
rs55909515,1
rs855791,1
rs6000550,1
rs117576908,1
rs881144,1
rs228953,1
rs9610875,1
rs2013837,1
rs12628403,1
rs148328786,1
rs2267436,1
rs13268,1
rs28971325,1
rs13057352,1
rs9615723,1
rs4468,1
rs75107793,1
rs79966207,1
rs140522,1
rs771327,1
rs9846246,1
rs1131199,1
rs1565186,1
rs10934270,1
rs1533269,1
rs3732356,1
rs1822534,1
rs9826367,1
rs11708067,1
rs12330631,1
rs56106611,1
rs689449,1
rs115182912,1
rs191451841,1
rs55683935,1
rs11718898,1
rs72628504,1
rs79953286,1
rs1799852,1
rs6794370,1
rs13087765,1
rs7642536,1
rs568652489,1
rs2871960,1
rs9819371,1
rs115380769,1
rs28910273,1
rs2608073,1
rs9842051,1
rs12634936,1
rs62271373,1
rs7652649,1
rs1799807,1
rs73174306,1
rs1997280,1
rs11128810,1
rs9821630,1
rs73181210,1
rs116577908,1
rs360408,1
rs73176199,1
rs79966944,1
rs7652177,1
rs35409041,1
rs231988,1
rs79287178,1
rs6443750,1
rs73189972,1
rs74614808,1
rs7618405,1
rs11546878,1
rs78565404,1
rs6141,1
rs6142,1
rs62240975,1
rs9880232,1
rs2194411,1
rs869400,1
rs73182224,1
rs61732778,1
rs509399,1
rs4686991,1
rs68062772,1
rs4927708,1
rs9849934,1
rs41298099,1
rs6583291,1
rs11712192,1
rs1684466,1
rs6792725,1
rs1529672,1
rs2643826,1
rs2371108,1
rs6798904,1
rs2290610,1
rs2290608,1
rs17878498,1
rs56239180,1
rs35570272,1
rs6810039,1
rs61751640,1
rs3732378,1
rs74895481,1
rs2228467,1
rs304023,1
rs182089148,1
rs112313229,1
rs2213290,1
rs144645644,1
rs13063578,1
rs56273245,1
rs78969116,1
rs62618742,1
rs188551769,1
rs150858838,1
rs1076872,1
rs150999288,1
rs3821843,1
rs11915970,1
rs75898504,1
rs9883641,1
rs1354034,1
rs17825630,1
rs7641375,1
rs116826041,1
rs7621604,1
rs76824303,1
rs75114713,1
rs17699658,1
rs704285,1
rs9809116,1
rs586936,1
rs13066793,1
rs9824877,1
rs2270894,1
rs1229984,1
rs4505759,1
rs77822621,1
rs111632154,1
rs7377083,1
rs35978636,1
rs112519623,1
rs13107325,1
rs113473633,1
rs62342064,1
rs9998015,1
rs143847362,1
rs72954323,1
rs34712979,1
rs1558172,1
rs219493,1
rs114816312,1
rs33966350,1
rs72678864,1
rs4077710,1
rs45608936,1
rs2922979,1
rs1425416,1
rs17755079,1
rs78940821,1
rs138168195,1
rs77611224,1
rs1296328,1
rs11735662,1
rs1505772,1
rs13141641,1
rs11727676,1
rs7679276,1
rs4619875,1
rs34343821,1
rs1134634,1
rs4364259,1
rs6841699,1
rs11731421,1
rs3135877,1
rs3135890,1
rs61735104,1
rs11734376,1
rs115495303,1
rs2310357,1
rs2187692,1
rs648674,1
rs34811474,1
rs362312,1
rs10024987,1
rs13108218,1
rs16844401,1
rs114303452,1
rs59950280,1
rs115503647,1
rs28530750,1
rs55843822,1
rs150414227,1
rs77419028,1
rs5743618,1
rs9683415,1
rs278981,1
rs10015223,1
rs1455942,1
rs4450871,1
rs11722554,1
rs218264,1
rs218265,1
rs2703485,1
rs62306367,1
rs62291089,1
rs9884390,1
rs705117,1
rs149914551,1
rs72661730,1
rs74764079,1
rs346508,1
rs1471251,1
rs11934731,1
rs71593120,1
rs188646618,1
rs73731149,1
rs5745297,1
rs35150210,1
rs1837253,1
rs35188965,1
rs114378220,1
rs4535497,1
rs10474906,1
rs9326880,1
rs34821177,1
rs3812049,1
rs154001,1
rs7705526,1
rs2853677,1
rs157577,1
rs17622517,1
rs5742913,1
rs62379978,1
rs62623707,1
rs34189044,1
rs10477191,1
rs16903574,1
rs146886108,1
rs76549217,1
rs1800888,1
rs4705336,1
rs368510,1
rs11749913,1
rs17656204,1
rs1061837,1
rs61745454,1
rs13165424,1
rs6556405,1
rs12188300,1
rs2546980,1
rs34192428,1
rs142469471,1
rs33852,1
rs55836439,1
rs4868180,1
rs6874142,1
rs428925,1
rs12518248,1
rs359477,1
rs244711,1
rs1966265,1
rs62398471,1
rs3822593,1
rs79898473,1
rs634501,1
rs17714046,1
rs77208368,1
rs9716700,1
rs16891982,1
rs186272630,1
rs12656216,1
rs34324145,1
rs150317881,1
rs1818782,1
rs13179493,1
rs17248377,1
rs3936510,1
rs245528,1
rs10940072,1
rs35558461,1
rs115911679,1
rs4976033,1
rs10515086,1
rs34651,1
rs549579,1
rs115243197,1
rs12916,1
rs2307111,1
rs140216208,1
rs7722711,1
rs28415475,1
rs34968964,1
rs34950321,1
rs34592828,1
rs114694170,1
rs72773822,1
rs1158464,1
rs17462893,1
rs7757910,1
rs9399953,1
rs12526696,1
rs13204927,1
rs1546723,1
rs12210538,1
rs35548455,1
rs1268119,1
rs7741021,1
rs113898003,1
rs7740107,1
rs3813356,1
rs2210366,1
rs9494142,1
rs78928932,1
rs9385808,1
rs12196247,1
rs592423,1
rs607203,1
rs11969282,1
rs6570508,1
rs109836,1
rs9791312,1
rs149110519,1
rs6935952,1
rs7741872,1
rs1871859,1
rs2077647,1
rs35060990,1
rs2813495,1
rs2813536,1
rs6904757,1
rs17710008,1
rs2817441,1
rs61748681,1
rs13216467,1
rs12208357,1
rs34130495,1
rs140570886,1
rs56393506,1
rs191388787,1
rs184278183,1
rs381500,1
rs221721,1
rs76307059,1
rs3252,1
rs2273215,1
rs41271299,1
rs80076072,1
rs113760175,1
rs4077636,1
rs9392441,1
rs33959228,1
rs553772010,1
rs141301223,1
rs35893164,1
rs1224382,1
rs10305492,1
rs2504797,1
rs13212930,1
rs1319012,1
rs33966734,1
rs3218092,1
rs12528656,1
rs112233623,1
rs9349205,1
rs61612642,1
rs4714633,1
rs145629243,1
rs11965885,1
rs9472125,1
rs998584,1
rs6905288,1
rs10948100,1
rs17287978,1
rs833805,1
rs730775,1
rs11963621,1
rs6938592,1
rs34095023,1
rs111233681,1
rs3748066,1
rs114453510,1
rs115830429,1
rs9504361,1
rs17142630,1
rs115806594,1
rs75446492,1
rs75320317,1
rs9379084,1
rs79717953,1
rs2076295,1
rs35523808,1
rs12209223,1
rs270417,1
rs648831,1
rs915125,1
rs34951006,1
rs6908626,1
rs41295942,1
rs2075672,1
rs182552845,1
rs143593369,1
rs149823406,1
rs62483572,1
rs34489224,1
rs139141690,1
rs375365692,1
rs62433138,1
rs2529369,1
rs212417,1
rs342293,1
rs3109109,1
rs12705849,1
rs12705964,1
rs9920,1
rs62617115,1
rs2908007,1
rs3757552,1
rs62621812,1
rs13230519,1
rs11556924,1
rs12533527,1
rs6962887,1
rs35150201,1
rs113477191,1
rs7783145,1
rs1814170,1
rs11772895,1
rs3918226,1
rs891511,1
rs1233556,1
rs12698403,1
rs917441,1
rs79425047,1
rs34585474,1
rs117132860,1
rs17348528,1
rs17139675,1
rs67248060,1
rs6969316,1
rs2107595,1
rs17140672,1
rs17140875,1
rs13227860,1
rs35345753,1
rs3087888,1
rs73085996,1
rs1534696,1
rs7801581,1
rs2285724,1
rs17501292,1
rs10244184,1
rs2158799,1
rs56388170,1
rs10238435,1
rs75604893,1
rs757980,1
rs62442203,1
rs6955702,1
rs4316067,1
rs150987618,1
rs60600003,1
rs1731993,1
rs2044831,1
rs76990766,1
rs3757840,1
rs138917529,1
rs35452727,1
rs723149,1
rs56225270,1
rs6975767,1
rs149007767,1
rs6592965,1
rs11765490,1
rs149984502,1
rs11555134,1
rs1548607,1
rs28430759,1
rs6796,1
rs6964421,1
rs11767893,1
rs799157,1
rs55747707,1
rs17855988,1
rs41511151,1
rs2190097,1
rs5745687,1
rs3731321,1
rs8,1
rs445,1
rs140176556,1
rs739385,1
rs1724298,1
rs2394558,1
rs55702649,1
rs659398,1
rs35783704,1
rs6993770,1
rs77767830,1
rs3108849,1
rs1005502,1
rs998245,1
rs10283100,1
rs4871827,1
rs118027010,1
rs117211505,1
rs72647336,1
rs4871603,1
rs28601761,1
rs112875651,1
rs11783015,1
rs7840212,1
rs146950370,1
rs150348926,1
rs7011991,1
rs6993442,1
rs74865311,1
rs4236746,1
rs76364830,1
rs12541381,1
rs2014712,1
rs62520182,1
rs36092215,1
rs11136271,1
rs2242090,1
rs34173062,1
rs149597313,1
rs2272662,1
rs268,1
rs283,1
rs3208305,1
rs17091872,1
rs28597716,1
rs55682243,1
rs34215892,1
rs56094005,1
rs80207740,1
rs148139592,1
rs2048651,1
rs4871849,1
rs7814758,1
rs62503281,1
rs2942194,1
rs62501195,1
rs11992444,1
rs7823561,1
rs117176448,1
rs117139027,1
rs2623645,1
rs57128498,1
rs4737010,1
rs2978456,1
rs45577137,1
rs6471752,1
rs333616,1
rs72656010,1
rs4737446,1
rs76020419,1
rs7826487,1
rs7845090,1
rs2925155,1
rs62515696,1
rs2581260,1
rs61729527,1
rs117554445,1
rs4739140,1
rs7816065,1
rs989393,1
rs33918808,1
rs4149307,1
rs11789603,1
rs2740488,1
rs13284054,1
rs1962883,1
rs902144,1
rs3936578,1
rs2451948,1
rs634454,1
rs61751937,1
rs10980797,1
rs17207368,1
rs148125759,1
rs1800435,1
rs540599,1
rs10983184,1
rs4837613,1
rs11794984,1
rs1948386,1
rs10818930,1
rs72767980,1
rs41492548,1
rs11539209,1
rs72758878,1
rs143836544,1
rs111855731,1
rs12340775,1
rs117868203,1
rs73660574,1
rs60757417,1
rs6271,1
rs467369,1
rs1556032,1
rs686030,1
rs10810374,1
rs10810636,1
rs12350739,1
rs7029491,1
rs10963680,1
rs3731211,1
rs6475611,1
rs7032549,1
rs3780181,1
rs4363285,1
rs11575580,1
rs78920801,1
rs76452347,1
rs6415788,1
rs12348423,1
rs385893,1
rs409950,1
rs12005199,1
rs117857686,1
rs10974808,1
rs10758656,1
rs1887428,1
rs7037587,1
rs532029992,1
rs1888909,1
rs913588,1
rs1329767,1
rs3814115,1
rs7853818,1
rs3739728,1
rs2796441,1
rs117133909,1
rs11140403,1
rs10746837,1
rs117829798,1
rs117360596,1
rs473902,1
rs1984119,1
rs10990303,1
rs10820606,1
